"LOCATION","INDICATOR","SUBJECT","MEASURE","FREQUENCY","TIME","Value","Flag Codes"
"POL","LTINTFORECAST","DEC2020FORECAST","PC_PA","Q","2019-Q4",2.01333333333333,
"POL","LTINTFORECAST","DEC2020FORECAST","PC_PA","Q","2020-Q1",2.04,
"POL","LTINTFORECAST","DEC2020FORECAST","PC_PA","Q","2020-Q2",1.37333333333333,
"POL","LTINTFORECAST","DEC2020FORECAST","PC_PA","Q","2020-Q3",1.33333333333333,
"POL","LTINTFORECAST","DEC2020FORECAST","PC_PA","Q","2020-Q4",1.33333333333333,
"POL","LTINTFORECAST","DEC2020FORECAST","PC_PA","Q","2021-Q1",1.33333333333333,
"POL","LTINTFORECAST","DEC2020FORECAST","PC_PA","Q","2021-Q2",1.33333333333333,
"POL","LTINTFORECAST","DEC2020FORECAST","PC_PA","Q","2021-Q3",1.33333333333333,
"POL","LTINTFORECAST","DEC2020FORECAST","PC_PA","Q","2021-Q4",1.33333333333333,
"POL","LTINTFORECAST","DEC2020FORECAST","PC_PA","Q","2022-Q1",1.33333333333333,
"POL","LTINTFORECAST","DEC2020FORECAST","PC_PA","Q","2022-Q2",1.33333333333333,
"POL","LTINTFORECAST","DEC2020FORECAST","PC_PA","Q","2022-Q3",1.33333333333333,
"POL","LTINTFORECAST","DEC2020FORECAST","PC_PA","Q","2022-Q4",1.33333333333333,
"FRA","LTINTFORECAST","DEC2020FORECAST","PC_PA","Q","2019-Q4",-0.0472000000000001,
"FRA","LTINTFORECAST","DEC2020FORECAST","PC_PA","Q","2020-Q1",-0.0808666666666666,
"FRA","LTINTFORECAST","DEC2020FORECAST","PC_PA","Q","2020-Q2",-0.0054333333333334,
"FRA","LTINTFORECAST","DEC2020FORECAST","PC_PA","Q","2020-Q3",-0.175433333333333,
"FRA","LTINTFORECAST","DEC2020FORECAST","PC_PA","Q","2020-Q4",-0.155433333333334,
"FRA","LTINTFORECAST","DEC2020FORECAST","PC_PA","Q","2021-Q1",-0.155433333333334,
"FRA","LTINTFORECAST","DEC2020FORECAST","PC_PA","Q","2021-Q2",-0.155433333333334,
"FRA","LTINTFORECAST","DEC2020FORECAST","PC_PA","Q","2021-Q3",-0.155433333333334,
"FRA","LTINTFORECAST","DEC2020FORECAST","PC_PA","Q","2021-Q4",-0.155433333333334,
"FRA","LTINTFORECAST","DEC2020FORECAST","PC_PA","Q","2022-Q1",-0.155433333333334,
"FRA","LTINTFORECAST","DEC2020FORECAST","PC_PA","Q","2022-Q2",-0.155433333333334,
"FRA","LTINTFORECAST","DEC2020FORECAST","PC_PA","Q","2022-Q3",-0.155433333333334,
"FRA","LTINTFORECAST","DEC2020FORECAST","PC_PA","Q","2022-Q4",-0.155433333333334,
"AUT","LTINTFORECAST","DEC2020FORECAST","PC_PA","Q","2019-Q4",-0.109586950333334,
"AUT","LTINTFORECAST","DEC2020FORECAST","PC_PA","Q","2020-Q1",-0.146464848666667,
"AUT","LTINTFORECAST","DEC2020FORECAST","PC_PA","Q","2020-Q2",-0.0609185713333336,
"AUT","LTINTFORECAST","DEC2020FORECAST","PC_PA","Q","2020-Q3",-0.285584088666667,
"AUT","LTINTFORECAST","DEC2020FORECAST","PC_PA","Q","2020-Q4",-0.265584088666667,
"AUT","LTINTFORECAST","DEC2020FORECAST","PC_PA","Q","2021-Q1",-0.265584088666667,
"AUT","LTINTFORECAST","DEC2020FORECAST","PC_PA","Q","2021-Q2",-0.265584088666667,
"AUT","LTINTFORECAST","DEC2020FORECAST","PC_PA","Q","2021-Q3",-0.265584088666667,
"AUT","LTINTFORECAST","DEC2020FORECAST","PC_PA","Q","2021-Q4",-0.265584088666667,
"AUT","LTINTFORECAST","DEC2020FORECAST","PC_PA","Q","2022-Q1",-0.265584088666667,
"AUT","LTINTFORECAST","DEC2020FORECAST","PC_PA","Q","2022-Q2",-0.265584088666667,
"AUT","LTINTFORECAST","DEC2020FORECAST","PC_PA","Q","2022-Q3",-0.265584088666667,
"AUT","LTINTFORECAST","DEC2020FORECAST","PC_PA","Q","2022-Q4",-0.265584088666667,
"CZE","LTINTFORECAST","DEC2020FORECAST","PC_PA","Q","2019-Q4",1.43333333333333,
"CZE","LTINTFORECAST","DEC2020FORECAST","PC_PA","Q","2020-Q1",1.45666666666667,
"CZE","LTINTFORECAST","DEC2020FORECAST","PC_PA","Q","2020-Q2",1.02,
"CZE","LTINTFORECAST","DEC2020FORECAST","PC_PA","Q","2020-Q3",0.93,
"CZE","LTINTFORECAST","DEC2020FORECAST","PC_PA","Q","2020-Q4",0.93,
"CZE","LTINTFORECAST","DEC2020FORECAST","PC_PA","Q","2021-Q1",0.93,
"CZE","LTINTFORECAST","DEC2020FORECAST","PC_PA","Q","2021-Q2",0.93,
"CZE","LTINTFORECAST","DEC2020FORECAST","PC_PA","Q","2021-Q3",0.93,
"CZE","LTINTFORECAST","DEC2020FORECAST","PC_PA","Q","2021-Q4",0.93,
"CZE","LTINTFORECAST","DEC2020FORECAST","PC_PA","Q","2022-Q1",0.93,
"CZE","LTINTFORECAST","DEC2020FORECAST","PC_PA","Q","2022-Q2",0.93,
"CZE","LTINTFORECAST","DEC2020FORECAST","PC_PA","Q","2022-Q3",0.93,
"CZE","LTINTFORECAST","DEC2020FORECAST","PC_PA","Q","2022-Q4",0.93,
"ESP","LTINTFORECAST","DEC2020FORECAST","PC_PA","Q","2019-Q4",0.340867756333333,
"ESP","LTINTFORECAST","DEC2020FORECAST","PC_PA","Q","2020-Q1",0.400309090666667,
"ESP","LTINTFORECAST","DEC2020FORECAST","PC_PA","Q","2020-Q2",0.695438239666666,
"ESP","LTINTFORECAST","DEC2020FORECAST","PC_PA","Q","2020-Q3",0.316359244666667,
"ESP","LTINTFORECAST","DEC2020FORECAST","PC_PA","Q","2020-Q4",0.336359244666667,
"ESP","LTINTFORECAST","DEC2020FORECAST","PC_PA","Q","2021-Q1",0.336359244666667,
"ESP","LTINTFORECAST","DEC2020FORECAST","PC_PA","Q","2021-Q2",0.336359244666667,
"ESP","LTINTFORECAST","DEC2020FORECAST","PC_PA","Q","2021-Q3",0.336359244666667,
"ESP","LTINTFORECAST","DEC2020FORECAST","PC_PA","Q","2021-Q4",0.336359244666667,
"ESP","LTINTFORECAST","DEC2020FORECAST","PC_PA","Q","2022-Q1",0.336359244666667,
"ESP","LTINTFORECAST","DEC2020FORECAST","PC_PA","Q","2022-Q2",0.336359244666667,
"ESP","LTINTFORECAST","DEC2020FORECAST","PC_PA","Q","2022-Q3",0.336359244666667,
"ESP","LTINTFORECAST","DEC2020FORECAST","PC_PA","Q","2022-Q4",0.336359244666667,
"NLD","LTINTFORECAST","DEC2020FORECAST","PC_PA","Q","2019-Q4",-0.213333333333334,
"NLD","LTINTFORECAST","DEC2020FORECAST","PC_PA","Q","2020-Q1",-0.28,
"NLD","LTINTFORECAST","DEC2020FORECAST","PC_PA","Q","2020-Q2",-0.273333333333333,
"NLD","LTINTFORECAST","DEC2020FORECAST","PC_PA","Q","2020-Q3",-0.413333333333333,
"NLD","LTINTFORECAST","DEC2020FORECAST","PC_PA","Q","2020-Q4",-0.393333333333334,
"NLD","LTINTFORECAST","DEC2020FORECAST","PC_PA","Q","2021-Q1",-0.393333333333334,
"NLD","LTINTFORECAST","DEC2020FORECAST","PC_PA","Q","2021-Q2",-0.393333333333334,
"NLD","LTINTFORECAST","DEC2020FORECAST","PC_PA","Q","2021-Q3",-0.393333333333334,
"NLD","LTINTFORECAST","DEC2020FORECAST","PC_PA","Q","2021-Q4",-0.393333333333334,
"NLD","LTINTFORECAST","DEC2020FORECAST","PC_PA","Q","2022-Q1",-0.393333333333334,
"NLD","LTINTFORECAST","DEC2020FORECAST","PC_PA","Q","2022-Q2",-0.393333333333334,
"NLD","LTINTFORECAST","DEC2020FORECAST","PC_PA","Q","2022-Q3",-0.393333333333334,
"NLD","LTINTFORECAST","DEC2020FORECAST","PC_PA","Q","2022-Q4",-0.393333333333334,
"BEL","LTINTFORECAST","DEC2020FORECAST","PC_PA","Q","2019-Q4",-0.0633333333333334,
"BEL","LTINTFORECAST","DEC2020FORECAST","PC_PA","Q","2020-Q1",-0.06,
"BEL","LTINTFORECAST","DEC2020FORECAST","PC_PA","Q","2020-Q2",0.0466666666666665,
"BEL","LTINTFORECAST","DEC2020FORECAST","PC_PA","Q","2020-Q3",-0.21,
"BEL","LTINTFORECAST","DEC2020FORECAST","PC_PA","Q","2020-Q4",-0.19,
"BEL","LTINTFORECAST","DEC2020FORECAST","PC_PA","Q","2021-Q1",-0.19,
"BEL","LTINTFORECAST","DEC2020FORECAST","PC_PA","Q","2021-Q2",-0.19,
"BEL","LTINTFORECAST","DEC2020FORECAST","PC_PA","Q","2021-Q3",-0.19,
"BEL","LTINTFORECAST","DEC2020FORECAST","PC_PA","Q","2021-Q4",-0.19,
"BEL","LTINTFORECAST","DEC2020FORECAST","PC_PA","Q","2022-Q1",-0.19,
"BEL","LTINTFORECAST","DEC2020FORECAST","PC_PA","Q","2022-Q2",-0.19,
"BEL","LTINTFORECAST","DEC2020FORECAST","PC_PA","Q","2022-Q3",-0.19,
"BEL","LTINTFORECAST","DEC2020FORECAST","PC_PA","Q","2022-Q4",-0.19,
"DEU","LTINTFORECAST","DEC2020FORECAST","PC_PA","Q","2019-Q4",-0.373790283666667,
"DEU","LTINTFORECAST","DEC2020FORECAST","PC_PA","Q","2020-Q1",-0.440484848666667,
"DEU","LTINTFORECAST","DEC2020FORECAST","PC_PA","Q","2020-Q2",-0.466761904666667,
"DEU","LTINTFORECAST","DEC2020FORECAST","PC_PA","Q","2020-Q3",-0.523640755333333,
"DEU","LTINTFORECAST","DEC2020FORECAST","PC_PA","Q","2020-Q4",-0.503640755333334,
"DEU","LTINTFORECAST","DEC2020FORECAST","PC_PA","Q","2021-Q1",-0.503640755333334,
"DEU","LTINTFORECAST","DEC2020FORECAST","PC_PA","Q","2021-Q2",-0.503640755333334,
"DEU","LTINTFORECAST","DEC2020FORECAST","PC_PA","Q","2021-Q3",-0.503640755333334,
"DEU","LTINTFORECAST","DEC2020FORECAST","PC_PA","Q","2021-Q4",-0.503640755333334,
"DEU","LTINTFORECAST","DEC2020FORECAST","PC_PA","Q","2022-Q1",-0.503640755333334,
"DEU","LTINTFORECAST","DEC2020FORECAST","PC_PA","Q","2022-Q2",-0.503640755333334,
"DEU","LTINTFORECAST","DEC2020FORECAST","PC_PA","Q","2022-Q3",-0.503640755333334,
"DEU","LTINTFORECAST","DEC2020FORECAST","PC_PA","Q","2022-Q4",-0.503640755333334,
"DNK","LTINTFORECAST","DEC2020FORECAST","PC_PA","Q","2019-Q4",-0.333333333333333,
"DNK","LTINTFORECAST","DEC2020FORECAST","PC_PA","Q","2020-Q1",-0.36,
"DNK","LTINTFORECAST","DEC2020FORECAST","PC_PA","Q","2020-Q2",-0.253333333333333,
"DNK","LTINTFORECAST","DEC2020FORECAST","PC_PA","Q","2020-Q3",-0.363333333333333,
"DNK","LTINTFORECAST","DEC2020FORECAST","PC_PA","Q","2020-Q4",-0.41,
"DNK","LTINTFORECAST","DEC2020FORECAST","PC_PA","Q","2021-Q1",-0.41,
"DNK","LTINTFORECAST","DEC2020FORECAST","PC_PA","Q","2021-Q2",-0.41,
"DNK","LTINTFORECAST","DEC2020FORECAST","PC_PA","Q","2021-Q3",-0.41,
"DNK","LTINTFORECAST","DEC2020FORECAST","PC_PA","Q","2021-Q4",-0.41,
"DNK","LTINTFORECAST","DEC2020FORECAST","PC_PA","Q","2022-Q1",-0.41,
"DNK","LTINTFORECAST","DEC2020FORECAST","PC_PA","Q","2022-Q2",-0.41,
"DNK","LTINTFORECAST","DEC2020FORECAST","PC_PA","Q","2022-Q3",-0.41,
"DNK","LTINTFORECAST","DEC2020FORECAST","PC_PA","Q","2022-Q4",-0.41,
"BGR","LTINTFORECAST","DEC2020FORECAST","PC_PA","Q","2019-Q4",0.216666666666667,
"BGR","LTINTFORECAST","DEC2020FORECAST","PC_PA","Q","2020-Q1",0.14,
"BGR","LTINTFORECAST","DEC2020FORECAST","PC_PA","Q","2020-Q2",0.36,
"BGR","LTINTFORECAST","DEC2020FORECAST","PC_PA","Q","2020-Q3",0.32,
"BGR","LTINTFORECAST","DEC2020FORECAST","PC_PA","Q","2020-Q4",0.32,
"BGR","LTINTFORECAST","DEC2020FORECAST","PC_PA","Q","2021-Q1",0.22,
"BGR","LTINTFORECAST","DEC2020FORECAST","PC_PA","Q","2021-Q2",0.22,
"BGR","LTINTFORECAST","DEC2020FORECAST","PC_PA","Q","2021-Q3",0.17,
"BGR","LTINTFORECAST","DEC2020FORECAST","PC_PA","Q","2021-Q4",0.17,
"BGR","LTINTFORECAST","DEC2020FORECAST","PC_PA","Q","2022-Q1",0.12,
"BGR","LTINTFORECAST","DEC2020FORECAST","PC_PA","Q","2022-Q2",0.12,
"BGR","LTINTFORECAST","DEC2020FORECAST","PC_PA","Q","2022-Q3",0.12,
"BGR","LTINTFORECAST","DEC2020FORECAST","PC_PA","Q","2022-Q4",0.12,
"LUX","LTINTFORECAST","DEC2020FORECAST","PC_PA","Q","2019-Q4",-0.29519492,
"LUX","LTINTFORECAST","DEC2020FORECAST","PC_PA","Q","2020-Q1",-0.335151515333333,
"LUX","LTINTFORECAST","DEC2020FORECAST","PC_PA","Q","2020-Q2",-0.303761904666667,
"LUX","LTINTFORECAST","DEC2020FORECAST","PC_PA","Q","2020-Q3",-0.360640755333333,
"LUX","LTINTFORECAST","DEC2020FORECAST","PC_PA","Q","2020-Q4",-0.340640755333333,
"LUX","LTINTFORECAST","DEC2020FORECAST","PC_PA","Q","2021-Q1",-0.340640755333333,
"LUX","LTINTFORECAST","DEC2020FORECAST","PC_PA","Q","2021-Q2",-0.340640755333333,
"LUX","LTINTFORECAST","DEC2020FORECAST","PC_PA","Q","2021-Q3",-0.340640755333333,
"LUX","LTINTFORECAST","DEC2020FORECAST","PC_PA","Q","2021-Q4",-0.340640755333333,
"LUX","LTINTFORECAST","DEC2020FORECAST","PC_PA","Q","2022-Q1",-0.340640755333333,
"LUX","LTINTFORECAST","DEC2020FORECAST","PC_PA","Q","2022-Q2",-0.340640755333333,
"LUX","LTINTFORECAST","DEC2020FORECAST","PC_PA","Q","2022-Q3",-0.340640755333333,
"LUX","LTINTFORECAST","DEC2020FORECAST","PC_PA","Q","2022-Q4",-0.340640755333333,
"FIN","LTINTFORECAST","DEC2020FORECAST","PC_PA","Q","2019-Q4",-0.106666666666667,
"FIN","LTINTFORECAST","DEC2020FORECAST","PC_PA","Q","2020-Q1",-0.14,
"FIN","LTINTFORECAST","DEC2020FORECAST","PC_PA","Q","2020-Q2",-0.0866666666666668,
"FIN","LTINTFORECAST","DEC2020FORECAST","PC_PA","Q","2020-Q3",-0.253333333333333,
"FIN","LTINTFORECAST","DEC2020FORECAST","PC_PA","Q","2020-Q4",-0.233333333333334,
"FIN","LTINTFORECAST","DEC2020FORECAST","PC_PA","Q","2021-Q1",-0.233333333333334,
"FIN","LTINTFORECAST","DEC2020FORECAST","PC_PA","Q","2021-Q2",-0.233333333333334,
"FIN","LTINTFORECAST","DEC2020FORECAST","PC_PA","Q","2021-Q3",-0.233333333333334,
"FIN","LTINTFORECAST","DEC2020FORECAST","PC_PA","Q","2021-Q4",-0.233333333333334,
"FIN","LTINTFORECAST","DEC2020FORECAST","PC_PA","Q","2022-Q1",-0.233333333333334,
"FIN","LTINTFORECAST","DEC2020FORECAST","PC_PA","Q","2022-Q2",-0.233333333333334,
"FIN","LTINTFORECAST","DEC2020FORECAST","PC_PA","Q","2022-Q3",-0.233333333333334,
"FIN","LTINTFORECAST","DEC2020FORECAST","PC_PA","Q","2022-Q4",-0.233333333333334,
"IRL","LTINTFORECAST","DEC2020FORECAST","PC_PA","Q","2019-Q4",0.0428763829999999,
"IRL","LTINTFORECAST","DEC2020FORECAST","PC_PA","Q","2020-Q1",-0.0204848486666666,
"IRL","LTINTFORECAST","DEC2020FORECAST","PC_PA","Q","2020-Q2",0.129904762,
"IRL","LTINTFORECAST","DEC2020FORECAST","PC_PA","Q","2020-Q3",0.0730259113333331,
"IRL","LTINTFORECAST","DEC2020FORECAST","PC_PA","Q","2020-Q4",0.093025911333333,
"IRL","LTINTFORECAST","DEC2020FORECAST","PC_PA","Q","2021-Q1",0.093025911333333,
"IRL","LTINTFORECAST","DEC2020FORECAST","PC_PA","Q","2021-Q2",0.093025911333333,
"IRL","LTINTFORECAST","DEC2020FORECAST","PC_PA","Q","2021-Q3",0.093025911333333,
"IRL","LTINTFORECAST","DEC2020FORECAST","PC_PA","Q","2021-Q4",0.093025911333333,
"IRL","LTINTFORECAST","DEC2020FORECAST","PC_PA","Q","2022-Q1",0.093025911333333,
"IRL","LTINTFORECAST","DEC2020FORECAST","PC_PA","Q","2022-Q2",0.093025911333333,
"IRL","LTINTFORECAST","DEC2020FORECAST","PC_PA","Q","2022-Q3",0.093025911333333,
"IRL","LTINTFORECAST","DEC2020FORECAST","PC_PA","Q","2022-Q4",0.093025911333333,
"SWE","LTINTFORECAST","DEC2020FORECAST","PC_PA","Q","2019-Q4",-0.0314,
"SWE","LTINTFORECAST","DEC2020FORECAST","PC_PA","Q","2020-Q1",-0.0359333333333333,
"SWE","LTINTFORECAST","DEC2020FORECAST","PC_PA","Q","2020-Q2",-0.0429333333333333,
"SWE","LTINTFORECAST","DEC2020FORECAST","PC_PA","Q","2020-Q3",-0.0653666666666667,
"SWE","LTINTFORECAST","DEC2020FORECAST","PC_PA","Q","2020-Q4",-0.0653666666666667,
"SWE","LTINTFORECAST","DEC2020FORECAST","PC_PA","Q","2021-Q1",-0.0653666666666667,
"SWE","LTINTFORECAST","DEC2020FORECAST","PC_PA","Q","2021-Q2",-0.0653666666666667,
"SWE","LTINTFORECAST","DEC2020FORECAST","PC_PA","Q","2021-Q3",-0.0653666666666667,
"SWE","LTINTFORECAST","DEC2020FORECAST","PC_PA","Q","2021-Q4",-0.0653666666666667,
"SWE","LTINTFORECAST","DEC2020FORECAST","PC_PA","Q","2022-Q1",-0.0653666666666667,
"SWE","LTINTFORECAST","DEC2020FORECAST","PC_PA","Q","2022-Q2",-0.0653666666666667,
"SWE","LTINTFORECAST","DEC2020FORECAST","PC_PA","Q","2022-Q3",-0.0653666666666667,
"SWE","LTINTFORECAST","DEC2020FORECAST","PC_PA","Q","2022-Q4",-0.0653666666666667,
"PRT","LTINTFORECAST","DEC2020FORECAST","PC_PA","Q","2019-Q4",0.316666666666666,
"PRT","LTINTFORECAST","DEC2020FORECAST","PC_PA","Q","2020-Q1",0.443333333333333,
"PRT","LTINTFORECAST","DEC2020FORECAST","PC_PA","Q","2020-Q2",0.77,
"PRT","LTINTFORECAST","DEC2020FORECAST","PC_PA","Q","2020-Q3",0.36,
"PRT","LTINTFORECAST","DEC2020FORECAST","PC_PA","Q","2020-Q4",0.38,
"PRT","LTINTFORECAST","DEC2020FORECAST","PC_PA","Q","2021-Q1",0.38,
"PRT","LTINTFORECAST","DEC2020FORECAST","PC_PA","Q","2021-Q2",0.38,
"PRT","LTINTFORECAST","DEC2020FORECAST","PC_PA","Q","2021-Q3",0.38,
"PRT","LTINTFORECAST","DEC2020FORECAST","PC_PA","Q","2021-Q4",0.38,
"PRT","LTINTFORECAST","DEC2020FORECAST","PC_PA","Q","2022-Q1",0.38,
"PRT","LTINTFORECAST","DEC2020FORECAST","PC_PA","Q","2022-Q2",0.38,
"PRT","LTINTFORECAST","DEC2020FORECAST","PC_PA","Q","2022-Q3",0.38,
"PRT","LTINTFORECAST","DEC2020FORECAST","PC_PA","Q","2022-Q4",0.38,
"GRC","LTINTFORECAST","DEC2020FORECAST","PC_PA","Q","2019-Q4",1.37333333333333,
"GRC","LTINTFORECAST","DEC2020FORECAST","PC_PA","Q","2020-Q1",1.46,
"GRC","LTINTFORECAST","DEC2020FORECAST","PC_PA","Q","2020-Q2",1.76666666666667,
"GRC","LTINTFORECAST","DEC2020FORECAST","PC_PA","Q","2020-Q3",1.1,
"GRC","LTINTFORECAST","DEC2020FORECAST","PC_PA","Q","2020-Q4",0.919999999999999,
"GRC","LTINTFORECAST","DEC2020FORECAST","PC_PA","Q","2021-Q1",0.846359244666667,
"GRC","LTINTFORECAST","DEC2020FORECAST","PC_PA","Q","2021-Q2",0.846359244666667,
"GRC","LTINTFORECAST","DEC2020FORECAST","PC_PA","Q","2021-Q3",0.846359244666667,
"GRC","LTINTFORECAST","DEC2020FORECAST","PC_PA","Q","2021-Q4",0.846359244666667,
"GRC","LTINTFORECAST","DEC2020FORECAST","PC_PA","Q","2022-Q1",0.846359244666667,
"GRC","LTINTFORECAST","DEC2020FORECAST","PC_PA","Q","2022-Q2",0.846359244666667,
"GRC","LTINTFORECAST","DEC2020FORECAST","PC_PA","Q","2022-Q3",0.846359244666667,
"GRC","LTINTFORECAST","DEC2020FORECAST","PC_PA","Q","2022-Q4",0.846359244666667,
"LTU","LTINTFORECAST","DEC2020FORECAST","PC_PA","Q","2019-Q4",0.31,
"LTU","LTINTFORECAST","DEC2020FORECAST","PC_PA","Q","2020-Q1",0.31,
"LTU","LTINTFORECAST","DEC2020FORECAST","PC_PA","Q","2020-Q2",0.263333333333333,
"LTU","LTINTFORECAST","DEC2020FORECAST","PC_PA","Q","2020-Q3",0.16,
"LTU","LTINTFORECAST","DEC2020FORECAST","PC_PA","Q","2020-Q4",0.18,
"LTU","LTINTFORECAST","DEC2020FORECAST","PC_PA","Q","2021-Q1",0.18,
"LTU","LTINTFORECAST","DEC2020FORECAST","PC_PA","Q","2021-Q2",0.18,
"LTU","LTINTFORECAST","DEC2020FORECAST","PC_PA","Q","2021-Q3",0.18,
"LTU","LTINTFORECAST","DEC2020FORECAST","PC_PA","Q","2021-Q4",0.18,
"LTU","LTINTFORECAST","DEC2020FORECAST","PC_PA","Q","2022-Q1",0.18,
"LTU","LTINTFORECAST","DEC2020FORECAST","PC_PA","Q","2022-Q2",0.18,
"LTU","LTINTFORECAST","DEC2020FORECAST","PC_PA","Q","2022-Q3",0.18,
"LTU","LTINTFORECAST","DEC2020FORECAST","PC_PA","Q","2022-Q4",0.18,
"SVN","LTINTFORECAST","DEC2020FORECAST","PC_PA","Q","2019-Q4",-0.0266666666666668,
"SVN","LTINTFORECAST","DEC2020FORECAST","PC_PA","Q","2020-Q1",0.05,
"SVN","LTINTFORECAST","DEC2020FORECAST","PC_PA","Q","2020-Q2",0.476666666666666,
"SVN","LTINTFORECAST","DEC2020FORECAST","PC_PA","Q","2020-Q3",-0.0306666666666667,
"SVN","LTINTFORECAST","DEC2020FORECAST","PC_PA","Q","2020-Q4",-0.0106666666666668,
"SVN","LTINTFORECAST","DEC2020FORECAST","PC_PA","Q","2021-Q1",-0.0106666666666668,
"SVN","LTINTFORECAST","DEC2020FORECAST","PC_PA","Q","2021-Q2",-0.0106666666666668,
"SVN","LTINTFORECAST","DEC2020FORECAST","PC_PA","Q","2021-Q3",-0.0106666666666668,
"SVN","LTINTFORECAST","DEC2020FORECAST","PC_PA","Q","2021-Q4",-0.0106666666666668,
"SVN","LTINTFORECAST","DEC2020FORECAST","PC_PA","Q","2022-Q1",-0.0106666666666668,
"SVN","LTINTFORECAST","DEC2020FORECAST","PC_PA","Q","2022-Q2",-0.0106666666666668,
"SVN","LTINTFORECAST","DEC2020FORECAST","PC_PA","Q","2022-Q3",-0.0106666666666668,
"SVN","LTINTFORECAST","DEC2020FORECAST","PC_PA","Q","2022-Q4",-0.0106666666666668,
"SVK","LTINTFORECAST","DEC2020FORECAST","PC_PA","Q","2019-Q4",0.00620971633333312,
"SVK","LTINTFORECAST","DEC2020FORECAST","PC_PA","Q","2020-Q1",0.056181818,
"SVK","LTINTFORECAST","DEC2020FORECAST","PC_PA","Q","2020-Q2",0.429904762,
"SVK","LTINTFORECAST","DEC2020FORECAST","PC_PA","Q","2020-Q3",0.373025911333333,
"SVK","LTINTFORECAST","DEC2020FORECAST","PC_PA","Q","2020-Q4",0.393025911333333,
"SVK","LTINTFORECAST","DEC2020FORECAST","PC_PA","Q","2021-Q1",0.393025911333333,
"SVK","LTINTFORECAST","DEC2020FORECAST","PC_PA","Q","2021-Q2",0.393025911333333,
"SVK","LTINTFORECAST","DEC2020FORECAST","PC_PA","Q","2021-Q3",0.393025911333333,
"SVK","LTINTFORECAST","DEC2020FORECAST","PC_PA","Q","2021-Q4",0.393025911333333,
"SVK","LTINTFORECAST","DEC2020FORECAST","PC_PA","Q","2022-Q1",0.393025911333333,
"SVK","LTINTFORECAST","DEC2020FORECAST","PC_PA","Q","2022-Q2",0.393025911333333,
"SVK","LTINTFORECAST","DEC2020FORECAST","PC_PA","Q","2022-Q3",0.393025911333333,
"SVK","LTINTFORECAST","DEC2020FORECAST","PC_PA","Q","2022-Q4",0.393025911333333,
"ITA","LTINTFORECAST","DEC2020FORECAST","PC_PA","Q","2019-Q4",1.21270971633333,
"ITA","LTINTFORECAST","DEC2020FORECAST","PC_PA","Q","2020-Q1",1.25951515133333,
"ITA","LTINTFORECAST","DEC2020FORECAST","PC_PA","Q","2020-Q2",1.671904762,
"ITA","LTINTFORECAST","DEC2020FORECAST","PC_PA","Q","2020-Q3",1.02635924466667,
"ITA","LTINTFORECAST","DEC2020FORECAST","PC_PA","Q","2020-Q4",0.846359244666667,
"ITA","LTINTFORECAST","DEC2020FORECAST","PC_PA","Q","2021-Q1",0.846359244666667,
"ITA","LTINTFORECAST","DEC2020FORECAST","PC_PA","Q","2021-Q2",0.846359244666667,
"ITA","LTINTFORECAST","DEC2020FORECAST","PC_PA","Q","2021-Q3",0.846359244666667,
"ITA","LTINTFORECAST","DEC2020FORECAST","PC_PA","Q","2021-Q4",0.846359244666667,
"ITA","LTINTFORECAST","DEC2020FORECAST","PC_PA","Q","2022-Q1",0.846359244666667,
"ITA","LTINTFORECAST","DEC2020FORECAST","PC_PA","Q","2022-Q2",0.846359244666667,
"ITA","LTINTFORECAST","DEC2020FORECAST","PC_PA","Q","2022-Q3",0.846359244666667,
"ITA","LTINTFORECAST","DEC2020FORECAST","PC_PA","Q","2022-Q4",0.846359244666667,
"HUN","LTINTFORECAST","DEC2020FORECAST","PC_PA","Q","2019-Q4",1.92333333333333,
"HUN","LTINTFORECAST","DEC2020FORECAST","PC_PA","Q","2020-Q1",2.22,
"HUN","LTINTFORECAST","DEC2020FORECAST","PC_PA","Q","2020-Q2",2.22,
"HUN","LTINTFORECAST","DEC2020FORECAST","PC_PA","Q","2020-Q3",2.26666666666667,
"HUN","LTINTFORECAST","DEC2020FORECAST","PC_PA","Q","2020-Q4",2.26666666666667,
"HUN","LTINTFORECAST","DEC2020FORECAST","PC_PA","Q","2021-Q1",2.26666666666667,
"HUN","LTINTFORECAST","DEC2020FORECAST","PC_PA","Q","2021-Q2",2.26666666666667,
"HUN","LTINTFORECAST","DEC2020FORECAST","PC_PA","Q","2021-Q3",2.26666666666667,
"HUN","LTINTFORECAST","DEC2020FORECAST","PC_PA","Q","2021-Q4",2.26666666666667,
"HUN","LTINTFORECAST","DEC2020FORECAST","PC_PA","Q","2022-Q1",2.26666666666667,
"HUN","LTINTFORECAST","DEC2020FORECAST","PC_PA","Q","2022-Q2",2.26666666666667,
"HUN","LTINTFORECAST","DEC2020FORECAST","PC_PA","Q","2022-Q3",2.26666666666667,
"HUN","LTINTFORECAST","DEC2020FORECAST","PC_PA","Q","2022-Q4",2.26666666666667,
"LVA","LTINTFORECAST","DEC2020FORECAST","PC_PA","Q","2019-Q4",0.0866666666666665,
"LVA","LTINTFORECAST","DEC2020FORECAST","PC_PA","Q","2020-Q1",0.00333333333333341,
"LVA","LTINTFORECAST","DEC2020FORECAST","PC_PA","Q","2020-Q2",0.19,
"LVA","LTINTFORECAST","DEC2020FORECAST","PC_PA","Q","2020-Q3",-0.186666666666667,
"LVA","LTINTFORECAST","DEC2020FORECAST","PC_PA","Q","2020-Q4",-0.15,
"LVA","LTINTFORECAST","DEC2020FORECAST","PC_PA","Q","2021-Q1",-0.15,
"LVA","LTINTFORECAST","DEC2020FORECAST","PC_PA","Q","2021-Q2",-0.15,
"LVA","LTINTFORECAST","DEC2020FORECAST","PC_PA","Q","2021-Q3",-0.15,
"LVA","LTINTFORECAST","DEC2020FORECAST","PC_PA","Q","2021-Q4",-0.15,
"LVA","LTINTFORECAST","DEC2020FORECAST","PC_PA","Q","2022-Q1",-0.15,
"LVA","LTINTFORECAST","DEC2020FORECAST","PC_PA","Q","2022-Q2",-0.15,
"LVA","LTINTFORECAST","DEC2020FORECAST","PC_PA","Q","2022-Q3",-0.15,
"LVA","LTINTFORECAST","DEC2020FORECAST","PC_PA","Q","2022-Q4",-0.15,
